{
  "project_info": {
    "project_number": "883242284450",
    "firebase_url": "https://proyecto-bf729.firebaseio.com",
    "project_id": "proyecto-bf729",
    "storage_bucket": "proyecto-bf729.appspot.com"
  },
  "client": [
    {
      "client_info": {
        "mobilesdk_app_id": "1:883242284450:android:1bc529aeb22916eb982efb",
        "android_client_info": {
          "package_name": "com.example.proyecto"
        }
      },
      "oauth_client": [
        {
          "client_id": "883242284450-d11g9s2nkvc6g68775qvqars51v01ma2.apps.googleusercontent.com",
          "client_type": 1,
          "android_info": {
            "package_name": "com.example.proyecto",
            "certificate_hash": "b2254d7a75ffdde7e42955929d27cda0a598d6b9"
          }
        },
        {
          "client_id": "883242284450-uf84b8ul5ovo69qh35ptqb8gpr0icaia.apps.googleusercontent.com",
          "client_type": 3
        }
      ],
      "api_key": [
        {
          "current_key": "AIzaSyDdzIJbRIadL1Cz1Oa1E0-SmSQ6DUn18kE"
        }
      ],
      "services": {
        "appinvite_service": {
          "other_platform_oauth_client": [
            {
              "client_id": "883242284450-uf84b8ul5ovo69qh35ptqb8gpr0icaia.apps.googleusercontent.com",
              "client_type": 3
            }
          ]
        }
      }
    }
  ],
  "configuration_version": "1"
}